Date,total_pnl,avg_pnl_per_trade,trade_count,pnl_volatility,total_volume,avg_trade_size,active_traders,buy_ratio,win_rate,profit_factor,classification,value,sentiment_score
5/1/2023,0,0,3,0,477,159,1,0,0,0,Greed,63,4
12/5/2023,0,0,9,0,50005.83,5556.2033,1,0,0,0,Extreme Greed,75,5
12/14/2023,-205.4347,-18.6759,11,179.6635,113203.35,10291.2136,1,0,0.363636364,-0.181474046,Greed,72,4
12/15/2023,-24.632,-12.316,2,4.4743,10609.95,5304.975,1,0,0,-0.232159435,Greed,70,4
12/16/2023,0,0,3,0,15348.77,5116.2567,1,0,0,0,Greed,67,4
12/17/2023,304.9828,21.7845,14,43.5126,116278.02,8305.5729,1,0,0.5,0.262287576,Greed,73,4
12/18/2023,0,0,2,0,31164.18,15582.09,1,0,0,0,Greed,65,4
12/19/2023,1000.5386,66.7026,15,183.7354,91602.41,6106.8273,1,0,0.666666667,1.092262311,Greed,73,4
12/20/2023,162.7323,9.0407,18,21.3481,141636.79,7868.7106,1,0,0.444444444,0.114894089,Greed,74,4
12/21/2023,537.2114,10.9635,49,20.8116,125233.97,2555.7953,1,0,0.530612245,0.428966198,Greed,70,4
12/22/2023,141.8327,14.1833,10,40.9267,88874.28,8887.428,1,0,0.2,0.159588016,Greed,74,4
12/23/2023,146.9367,11.3028,13,11.4784,78438.25,6033.7115,1,0,0.615384615,0.187327866,Greed,70,4
12/24/2023,1008.62,25.8621,39,52.267,402954.94,10332.1779,1,0,0.384615385,0.250305903,Greed,71,4
12/25/2023,-245.0813,-81.6938,3,141.4978,59948.51,19982.8367,1,0,0,-0.408819669,Greed,73,4
12/27/2023,-704.8892,-25.1746,28,153.6746,171411.06,6121.8236,1,0,0.142857143,-0.411227374,Greed,73,4
12/28/2023,-970.7309,-42.2057,23,55.0151,100117.25,4352.9239,1,0,0,-0.969594051,Greed,73,4
12/29/2023,508.9221,10.1784,50,78.1119,569559.72,11391.1944,1,0,0.3,0.089353598,Greed,65,4
12/30/2023,354.9986,6.8269,52,68.4019,702550.21,13510.581,1,0,0.442307692,0.050529997,Greed,68,4
1/1/2024,-129.5315,-7.1962,18,85.8478,264239.53,14679.9739,1,0,0.055555556,-0.049020485,Greed,65,4
1/2/2024,783.9791,46.1164,17,134.4283,121348.74,7138.1612,1,0,0.470588235,0.646054586,Greed,71,4
1/3/2024,866.0155,12.9256,67,50.4154,394499.36,5888.0501,1,0,0.417910448,0.219522663,Greed,70,4
1/4/2024,-67.6036,-13.5207,5,29.544,99792.54,19958.508,1,0,0,-0.067744142,Greed,68,4
1/5/2024,164.1416,2.487,66,60.7236,1703942.66,25817.313,1,0,0.196969697,0.009633047,Greed,72,4
1/6/2024,135.5817,6.1628,22,37.3384,298521.4,13569.1545,1,0,0.454545455,0.045417749,Greed,70,4
1/7/2024,-835.6812,-8.6153,97,34.0379,1048850.06,10812.8872,1,0,0.092783505,-0.079675945,Greed,71,4
1/8/2024,-269.8744,-2.1084,128,122.4196,1522452.43,11894.1596,1,0,0.25,-0.017726294,Greed,71,4
1/9/2024,-826.3499,-11.805,70,214.1803,870051.97,12429.3139,1,0,0.257142857,-0.094977074,Extreme Greed,76,5
1/10/2024,-1517.0913,-7.8606,193,119.7894,2057479.48,10660.5154,1,0,0.212435233,-0.073735428,Greed,73,4
1/11/2024,-164.0895,-7.8138,21,101.9263,305314.1,14538.7667,2,0,0.238095238,-0.053744488,Extreme Greed,76,5
1/12/2024,-1925.519,-275.0741,7,669.928,200082.27,28583.1814,1,0,0,-0.962363632,Greed,71,4
1/15/2024,152.8536,10.9181,14,33.6458,50636.1,3616.8643,2,0,0.642857143,0.30186685,Neutral,52,3
1/16/2024,-2299.1715,-255.4635,9,883.8758,116427.33,12936.37,2,0,0.333333333,-1.974769584,Greed,64,4
1/17/2024,813.2741,15.3448,53,75.6265,800831.03,15110.0194,1,0,0.20754717,0.10155377,Greed,60,4
1/18/2024,68.9332,1.4985,46,39.5031,424631.53,9231.1202,1,0,0.065217391,0.016233651,Greed,63,4
1/19/2024,-385.4192,-8.0296,48,51.7985,428428.97,8925.6035,2,0,0.125,-0.08996105,Neutral,51,3
1/20/2024,-146.5749,-1.3828,106,38.5543,1070090.51,10095.1935,1,0,0.141509434,-0.01369743,Neutral,52,3
1/21/2024,266.5811,24.2346,11,65.5608,103129.74,9375.4309,1,0,0.272727273,0.258491004,Greed,56,4
1/22/2024,1375.641,16.184,85,80.4161,337878.99,3975.0469,2,0,0.270588235,0.407140142,Greed,55,4
1/23/2024,-369.2447,-8.2054,45,613.9644,414518.93,9211.5318,1,0,0.244444444,-0.089077886,Neutral,50,3
1/24/2024,-2808.3538,-41.2993,68,149.8054,965084.59,14192.4204,1,0,0.147058824,-0.290995611,Neutral,48,3
1/25/2024,-3093.6294,-515.6049,6,356.6379,66566.13,11094.355,1,0,0,-4.647452691,Neutral,52,3
1/26/2024,90.2,18.04,5,40.3387,11773.21,2354.642,2,0,0.2,0.766146191,Neutral,49,3
1/28/2024,-2478.0697,-225.2791,11,262.6842,18109.03,1646.2755,1,0,0,-13.68416586,Neutral,54,3
1/29/2024,486.5625,6.5752,74,28.607,414208.18,5597.4078,2,0,0.608108108,0.117468105,Greed,55,4
1/30/2024,-173.6542,-3.544,49,55.423,401011.38,8183.9057,1,0,0.102040816,-0.043304058,Greed,61,4
1/31/2024,-799.8408,-0.9311,859,21.8495,6305647.13,7340.6835,1,0,0.268917346,-0.012684516,Greed,60,4
2/1/2024,0,0,6,0,2008.18,334.6967,1,0,0,0,Greed,63,4
2/2/2024,456.4235,10.8672,42,41.9312,474278.43,11292.3436,1,0,0.30952381,0.096235349,Greed,63,4
2/3/2024,223.3092,3.9877,56,68.6266,603820,10782.5,1,0,0.107142857,0.036982743,Greed,60,4
2/4/2024,47.6239,1.3607,35,31.9228,203187.53,5805.358,1,0,0.257142857,0.023438397,Greed,60,4
2/5/2024,-33.4542,-0.4646,72,46.1079,770198.26,10697.1981,1,0,0.194444444,-0.004343583,Greed,60,4
2/6/2024,-215.6159,-0.1982,1088,12.6913,8047153.41,7396.2807,1,0,0.164522059,-0.002679406,Greed,64,4
2/7/2024,241.2421,16.0828,15,56.5466,6758.73,450.582,1,0,0.133333333,3.56934069,Greed,62,4
2/8/2024,770.756,77.0756,10,139.7457,26051.12,2605.112,1,0,0.4,2.958629034,Greed,66,4
2/11/2024,983.4432,28.9248,34,108.6223,212311.82,6244.4653,1,0,0.205882353,0.463206994,Greed,71,4
2/12/2024,913.8818,57.1176,16,828.6571,227247.7,14202.9812,1,0,0.375,0.402152277,Greed,70,4
2/13/2024,559.4439,39.9603,14,37.9802,1999.99,142.8564,1,0,1,27.97233486,Extreme Greed,79,5
2/14/2024,3830.5998,34.5099,111,46.3959,320839.88,2890.4494,2,0,0.747747748,1.193928822,Greed,74,4
2/15/2024,1840.7977,29.219,63,316.4936,185188.04,2939.4927,2,0,0.904761905,0.994015434,Greed,72,4
2/16/2024,5491.7688,30.1746,182,123.4402,564896.51,3103.827,2,0,0.802197802,0.972172549,Greed,72,4
2/17/2024,1929.6418,20.5281,94,60.9982,406118.07,4320.405,2,0,0.64893617,0.475143054,Extreme Greed,76,5
2/18/2024,477.6248,4.924,97,82.7054,157048.17,1619.0533,1,0,0.628865979,0.304126307,Greed,72,4
2/19/2024,4317.7686,42.7502,101,118.6512,286377.2,2835.4178,2,0,0.762376238,1.507720796,Extreme Greed,75,5
2/20/2024,3263.6288,83.6828,39,192.3203,119419.72,3062.0441,2,0,0.794871795,2.73290609,Greed,72,4
2/21/2024,1858.7986,84.4908,22,124.4029,108047.52,4911.2509,2,0,0.681818182,1.72035286,Extreme Greed,78,5
2/22/2024,3894.1051,44.2512,88,227.5825,373033.87,4239.0212,2,0,0.454545455,1.043901215,Greed,74,4
2/23/2024,1418.5529,9.92,143,13.0372,111106.14,776.966,1,0,0.958041958,1.276754732,Extreme Greed,76,5
2/25/2024,-30.7705,-6.1541,5,8.9512,4480.13,896.026,1,0,0,-0.686821588,Greed,74,4
2/26/2024,4416.8473,113.2525,39,224.5223,192187.14,4927.8754,2,0,0.871794872,2.298201274,Greed,72,4
2/27/2024,888.5117,14.1034,63,91.6965,209362.3,3323.2111,2,0,0.412698413,0.424389539,Extreme Greed,79,5
2/28/2024,2503.7472,55.6388,45,130.7531,171107.13,3802.3807,1,0,0.866666667,1.463262928,Extreme Greed,82,5
2/29/2024,9813.997,84.6034,116,149.7682,395666.73,3410.9201,2,0,0.862068966,2.480369527,Extreme Greed,80,5
3/1/2024,8244.2414,60.1769,137,111.9586,472974.7,3452.3701,1,0,0.934306569,1.743061817,Extreme Greed,80,5
3/2/2024,230.9006,7.4484,31,250.6478,63197.56,2038.631,2,0,0.677419355,0.365363156,Extreme Greed,80,5
3/3/2024,8361.0862,105.8365,79,199.824,390745.68,4946.1478,1,0,0.683544304,2.139777003,Extreme Greed,83,5
3/4/2024,27799.7757,92.6659,300,152.8211,1577996.87,5259.9896,2,0,0.886666667,1.761712981,Extreme Greed,82,5
3/5/2024,19791.026,109.9501,180,195.658,841810.32,4676.724,1,0,0.905555556,2.351007766,Extreme Greed,90,5
3/6/2024,6814.8251,83.1076,82,146.9693,327218.02,3990.4637,1,0,0.87804878,2.082655809,Extreme Greed,75,5
3/8/2024,4271.8862,63.7595,67,148.7586,183583.18,2740.0475,1,0,0.880597015,2.32694858,Extreme Greed,81,5
3/9/2024,9949.5016,85.0385,117,154.5655,658178.75,5625.4594,1,0,0.829059829,1.511671655,Extreme Greed,84,5
3/10/2024,2482.9272,59.1173,42,207.7543,219973.85,5237.4726,1,0,0.69047619,1.128737439,Extreme Greed,79,5
3/11/2024,3588.1795,85.4328,42,196.1046,176519.45,4202.844,1,0,0.928571429,2.032738885,Extreme Greed,82,5
3/12/2024,3039.166,379.8958,8,521.6007,103040.85,12880.1062,1,0,0.875,2.949476834,Extreme Greed,81,5
3/13/2024,0,0,7,0,6000.8,857.2571,1,0,0,0,Extreme Greed,81,5
3/14/2024,3465.8658,192.5481,18,254.3083,205933.18,11440.7322,2,0,0.888888889,1.683005041,Extreme Greed,88,5
3/15/2024,6236.5137,100.5889,62,195.434,351894.41,5675.7163,3,0,0.661290323,1.772268477,Extreme Greed,83,5
3/16/2024,228.5798,28.5725,8,80.8152,37223.66,4652.9575,2,0,0.125,0.614071265,Extreme Greed,81,5
3/17/2024,503.294,21.8823,23,43.5256,99506.95,4326.3891,3,0,0.434782609,0.505787787,Extreme Greed,79,5
3/18/2024,1456.9577,76.682,19,275.5815,90458.08,4760.9516,3,0,0.315789474,1.610644069,Extreme Greed,77,5
3/19/2024,668.798,27.8666,24,103.6961,219884.84,9161.8683,3,0,0.208333333,0.304158304,Extreme Greed,79,5
3/20/2024,6423.1346,93.0889,69,320.6947,215705.85,3126.1717,2,0,0.869565217,2.977728513,Greed,74,4
3/21/2024,2335.5081,83.411,28,153.7359,117895.57,4210.5561,3,0,0.821428571,1.980997335,Extreme Greed,78,5
3/24/2024,1297.0185,68.2641,19,84.6429,92592.21,4873.2742,1,0,0.789473684,1.400785768,Greed,74,4
3/25/2024,1302.9164,186.1309,7,173.1463,57116.32,8159.4743,1,0,0.857142857,2.281163072,Extreme Greed,75,5
3/26/2024,3215.9066,27.2534,118,39.5043,198565.19,1682.7558,2,0,0.93220339,1.619572192,Extreme Greed,81,5
3/27/2024,150.4111,3.9582,38,13.7394,99864.79,2628.0208,2,0,0.315789474,0.150614746,Extreme Greed,83,5
3/28/2024,227.851,17.527,13,21.0465,35323.72,2717.2092,2,0,0.692307692,0.645036819,Extreme Greed,80,5
3/29/2024,883.0974,58.8732,15,95.5087,86914.37,5794.2913,1,0,0.4,1.016054537,Extreme Greed,79,5
3/30/2024,1100.5751,24.4572,45,52.4435,101103.92,2246.7538,1,0,0.977777778,1.088558287,Extreme Greed,75,5
3/31/2024,912.7861,70.2143,13,112.0514,39912.96,3070.2277,1,0,0.769230769,2.286941635,Extreme Greed,75,5
4/1/2024,2507.9634,32.571,77,92.0677,339470.47,4408.7074,2,0,0.545454545,0.738786911,Extreme Greed,79,5
4/2/2024,883.7608,21.5551,41,78.2354,239664.51,5845.4759,2,0,0.292682927,0.368749132,Extreme Greed,79,5
4/3/2024,126.7884,31.6971,4,63.3942,16887.57,4221.8925,2,0,0.25,0.750779419,Greed,71,4
4/4/2024,0,0,32,0,95987.73,2999.6166,1,0,0,0,Greed,70,4
4/5/2024,10706.4843,107.0648,100,304.1028,503791.8,5037.918,3,0,0.9,2.125180342,Extreme Greed,79,5
4/6/2024,236.3351,14.7709,16,42.1491,68223.67,4263.9794,1,0,0.25,0.346412176,Extreme Greed,75,5
4/7/2024,0,0,23,0,49988.14,2173.3974,1,0,0,0,Extreme Greed,78,5
4/8/2024,1218.4267,40.6142,30,222.4533,211940.64,7064.688,2,0,0.033333333,0.574890545,Extreme Greed,76,5
4/9/2024,0,0,3,0,57063.84,19021.28,1,0,0,0,Extreme Greed,80,5
4/10/2024,5207.4434,127.0108,41,197.7689,351735.97,8578.9261,1,0,0.87804878,1.480497829,Extreme Greed,78,5
4/11/2024,389.7432,24.3589,16,69.7264,76400.96,4775.06,1,0,0.125,0.510128669,Extreme Greed,76,5
4/12/2024,-592.6458,-4.5942,129,122.9628,442088.59,3427.0433,3,0,0.550387597,-0.134055891,Extreme Greed,79,5
4/13/2024,6621.4518,74.3983,89,185.0528,486411.25,5465.2949,2,0,0.685393258,1.36128673,Greed,72,4
4/14/2024,-36104.0125,-337.4207,107,2139.677,659162.17,6160.3941,2,0,0.308411215,-5.477257971,Greed,72,4
4/15/2024,3774.0887,92.0509,41,165.5095,291111.19,7100.2729,2,0,0.853658537,1.296442332,Greed,74,4
4/16/2024,2467.7022,52.5043,47,103.5102,181907.17,3870.3653,2,0,0.914893617,1.356572256,Greed,65,4
4/17/2024,2441.4684,174.3906,14,232.6698,97562.99,6968.785,1,0,0.928571429,2.502453441,Greed,67,4
4/19/2024,1946.4455,55.6127,35,114.0294,337257.92,9635.9406,1,0,0.771428571,0.577138559,Greed,66,4
4/20/2024,0,0,22,0,60733.24,2760.6018,2,0,0,0,Greed,66,4
4/22/2024,0,0,9,0,47993.61,5332.6233,1,0,0,0,Greed,73,4
4/23/2024,1119.5362,16.9627,66,69.726,233054.9,3531.1348,2,0,0.53030303,0.480374453,Greed,71,4
4/24/2024,279.1859,13.9593,20,47.0202,141275.24,7063.762,1,0,0.3,0.197618422,Greed,72,4
4/25/2024,0,0,74,0,120241.01,1624.8785,2,0,0,0,Greed,72,4
4/26/2024,0,0,3,0,4988.29,1662.7633,1,0,0,0,Greed,70,4
4/27/2024,4281.4881,158.5736,27,205.6519,154264.47,5713.4989,1,0,0.703703704,2.775420743,Greed,67,4
4/28/2024,0,0,58,0,43985.6,758.3724,2,0,0,0,Greed,65,4
4/29/2024,526.9338,11.7096,45,34.3035,108699.01,2415.5336,2,0,0.377777778,0.484764121,Greed,67,4
4/30/2024,0,0,24,0,125018.75,5209.1146,1,0,0,0,Greed,67,4
5/1/2024,0,0,14,0,87025.45,6216.1036,1,0,0,0,Neutral,54,3
5/3/2024,5306.017,147.3894,36,280.8545,282682.65,7852.2958,3,0,0.472222222,1.87702252,Neutral,48,3
5/4/2024,0,0,9,0,58998.75,6555.4167,2,0,0,0,Greed,67,4
5/5/2024,0.916,0.1527,6,0.374,24068.35,4011.3917,2,0,0.166666667,0.003805828,Greed,69,4
5/6/2024,968.5904,107.6212,9,237.646,206016.43,22890.7144,1,0,0.444444444,0.470152017,Greed,71,4
5/7/2024,883.5377,49.0854,18,57.7924,108717.58,6039.8656,3,0,0.5,0.812690735,Greed,68,4
5/8/2024,1.5658,0.1204,13,1.6418,65973.57,5074.89,2,0,0.076923077,0.002373375,Greed,64,4
5/9/2024,1147.5959,40.9856,28,92.9551,221966.12,7927.3614,2,0,0.392857143,0.517013993,Greed,55,4
5/10/2024,2101.7417,95.5337,22,240.6192,156882,7131,1,0,0.272727273,1.339695886,Greed,66,4
5/11/2024,251.6047,27.9561,9,38.7334,63248.95,7027.6611,1,0,1,0.397800596,Neutral,53,3
5/12/2024,0,0,23,0,55179.56,2399.1113,2,0,0,0,Greed,56,4
5/13/2024,2136.8539,76.3162,28,243.3496,193118.9,6897.1036,2,0,0.357142857,1.106496516,Greed,57,4
5/14/2024,1150.5233,50.0228,23,172.1697,145853.4,6341.4522,1,0,0.173913043,0.788821721,Greed,66,4
5/15/2024,948.9706,26.3603,36,49.8567,234922.57,6525.6269,1,0,0.472222222,0.403950374,Greed,64,4
5/16/2024,214.5898,7.9478,27,22.0742,162620.96,6022.9985,2,0,0.185185185,0.131957037,Greed,70,4
5/18/2024,3522.3947,140.8958,25,227.3997,126303.14,5052.1256,1,0,0.64,2.78884175,Greed,73,4
5/19/2024,0,0,8,0,29998.09,3749.7612,1,0,0,0,Greed,72,4
5/20/2024,-74.8184,-7.4818,10,17.7236,38124.75,3812.475,2,0,0,-0.19624627,Greed,70,4
5/21/2024,7289.3976,58.3152,125,423.2771,1100948.59,8807.5887,2,0,0.112,0.662101543,Extreme Greed,76,5
5/22/2024,0,0,6,0,44995.29,7499.215,1,0,0,0,Extreme Greed,76,5
5/23/2024,413.3473,1.2718,325,5.5782,401850.6,1236.4634,3,0,0.446153846,0.102860939,Extreme Greed,76,5
5/24/2024,821.9493,410.9746,2,255.1411,50811.9,25405.95,1,0,1,1.6176315,Greed,74,4
5/25/2024,14.126,0.8829,16,1.5789,29991.13,1874.4456,2,0,0.3125,0.047100593,Extreme Greed,76,5
5/26/2024,778.6839,48.6677,16,184.1444,53976.67,3373.5419,2,0,0.25,1.442630492,Extreme Greed,75,5
5/27/2024,1129.3559,4.4994,251,10.6951,151115.72,602.0547,1,0,0.358565737,0.747345081,Greed,74,4
5/29/2024,277.792,1.6939,164,4.9606,84268.76,513.8339,2,0,0.414634146,0.329650039,Greed,72,4
5/30/2024,20.9514,2.9931,7,3.7577,2838.09,405.4414,1,0,0.714285714,0.738221832,Greed,73,4
5/31/2024,25.3581,1.9506,13,3.8342,3636.14,279.7031,1,0,0.307692308,0.69739064,Greed,73,4
6/1/2024,91.5104,3.6604,25,7.9093,12834.62,513.3848,1,0,0.36,0.712996567,Greed,72,4
6/2/2024,192.9069,2.0743,93,4.425,29464.51,316.8227,1,0,0.365591398,0.654709344,Greed,73,4
6/3/2024,562.8082,8.0401,70,11.8492,21466.86,306.6694,1,0,0.628571429,2.621753717,Greed,73,4
6/4/2024,52.2114,0.9851,53,2.4828,24243.41,457.4228,1,0,0.471698113,0.215363268,Greed,73,4
6/5/2024,56.0555,1.0381,54,2.9097,25350.77,469.4587,1,0,0.296296296,0.221119516,Extreme Greed,75,5
6/6/2024,274.1732,1.1717,234,3.3659,137557.76,587.8537,1,0,0.427350427,0.199314964,Extreme Greed,78,5
6/7/2024,8902.4674,20.2329,440,103.2522,1098588.76,2496.7926,3,0,0.4,0.810354859,Extreme Greed,77,5
6/8/2024,129.1388,4.4531,29,13.6107,97351.88,3356.9614,2,0,0.275862069,0.132651573,Greed,72,4
6/9/2024,0,0,17,0,22410.22,1318.2482,2,0,0,0,Extreme Greed,75,5
6/10/2024,31.2668,0.5899,53,1.9665,46587.93,879.0175,2,0,0.339622642,0.067113521,Greed,72,4
6/11/2024,4320.6318,35.1271,123,169.7311,373279.92,3034.7961,3,0,0.138211382,1.157477691,Greed,74,4
6/12/2024,-21886.5315,-86.1674,254,276.1864,193407.96,761.4487,2,0,0.082677165,-11.31625167,Greed,72,4
6/13/2024,6632.7571,83.959,79,192.757,132577.22,1678.1927,2,0,0.240506329,5.00293874,Greed,70,4
6/14/2024,10258.5926,330.9223,31,997.7044,139868.66,4511.8923,2,0,0.483870968,7.334446902,Greed,74,4
6/15/2024,3369.9583,43.2046,78,86.6756,718350.25,9209.6186,2,0,0.487179487,0.469124678,Greed,74,4
6/16/2024,0,0,11,0,25235.08,2294.0982,1,0,0,0,Greed,71,4
6/17/2024,10599.5024,278.9343,38,315.1446,368380.12,9694.2137,2,0,0.657894737,2.877327474,Greed,71,4
6/18/2024,282.5764,11.3031,25,29.4481,263314.79,10532.5916,2,0,0.16,0.107315051,Greed,74,4
6/19/2024,4887.6569,80.1255,61,180.9714,417071.12,6837.2315,3,0,0.508196721,1.171900107,Greed,64,4
6/20/2024,57478.456,1473.8066,39,4202.0233,207990.8,5333.0974,3,0,0.205128205,27.6350954,Greed,60,4
6/21/2024,773.5582,9.6695,80,54.6582,176264.49,2203.3061,2,0,0.0375,0.438862189,Greed,63,4
6/22/2024,756.8766,31.5365,24,65.3039,169594.27,7066.4279,2,0,0.333333333,0.446286658,Neutral,53,3
6/23/2024,0,0,5,0,1792.12,358.424,1,0,0,0,Greed,55,4
6/24/2024,0,0,31,0,403002.8,13000.0903,2,0,0,0,Neutral,51,3
6/25/2024,4869.3531,99.3746,49,242.7333,103099.08,2104.0629,1,0,0.224489796,4.722984046,Fear,30,2
6/26/2024,4197.7322,58.3018,72,181.6927,365190.66,5072.0925,2,0,0.291666667,1.149463187,Neutral,46,3
6/27/2024,0,0,30,0,130486.95,4349.565,2,0,0,0,Fear,40,2
6/29/2024,6150.3261,82.0043,75,179.8997,280095.11,3734.6015,2,0,0.32,2.19579917,Fear,30,2
6/30/2024,0,0,14,0,30520.69,2180.0493,2,0,0,0,Neutral,47,3
7/1/2024,5065.8393,79.1537,64,207.3345,362670.15,5666.7211,2,0,0.40625,1.396817273,Neutral,53,3
7/2/2024,2421.2531,134.5141,18,226.3641,33347.47,1852.6372,1,0,0.722222222,7.260680046,Neutral,51,3
7/3/2024,1118.3873,62.1326,18,130.9439,179600.66,9977.8144,2,0,0.222222222,0.62270779,Neutral,50,3
7/4/2024,0,0,25,0,430568.01,17222.7204,2,0,0,0,Fear,44,2
7/5/2024,0,0,32,0,272289.89,8509.0591,2,0,0,0,Fear,29,2
7/6/2024,108.8722,4.5363,24,10.0347,2490.17,103.7571,1,0,0.291666667,4.372079015,Fear,26,2
7/7/2024,61.4289,6.1429,10,4.1002,498.75,49.875,1,0,1,12.31657143,Fear,29,2
7/8/2024,0,0,1,,497.64,497.64,1,0,0,0,Fear,28,2
7/9/2024,648.9844,43.2656,15,40.136,2736.45,182.43,1,0,1,23.71628935,Fear,27,2
7/10/2024,11977.7349,213.8881,56,337.8157,687900.21,12283.9323,2,0,0.678571429,1.74120239,Fear,28,2
7/11/2024,1876.8121,98.7796,19,150.1638,169887.02,8941.4221,1,0,0.473684211,1.104741316,Fear,29,2
7/12/2024,1412.3147,74.3324,19,112.4429,89582.97,4714.8932,2,0,0.473684211,1.576543734,Fear,25,2
7/13/2024,2913.6178,171.3893,17,173.278,139189.19,8187.5994,2,0,1,2.093278796,Fear,25,2
7/14/2024,0,0,7,0,84001.13,12000.1614,1,0,0,0,Fear,33,2
7/15/2024,-1,-0.0385,26,0.1401,198344.85,7628.6481,2,0,0,-0.000504172,Neutral,52,3
7/16/2024,0,0,22,0,144000.57,6545.4805,1,0,0,0,Greed,65,4
7/17/2024,1859.2695,5.2971,351,11.7182,626005.53,1783.4915,3,0,0.413105413,0.297005284,Greed,69,4
7/18/2024,3803.8843,63.3981,60,87.926,649704.85,10828.4142,2,0,0.8,0.585478822,Greed,61,4
7/19/2024,2155.8911,93.7344,23,179.8739,150269.42,6533.453,2,0,0.52173913,1.43468385,Greed,60,4
7/20/2024,2299.1696,8.6435,266,53.6298,244362.21,918.6549,2,0,0.12406015,0.940885909,Greed,74,4
7/21/2024,-2960.7169,-6.6087,448,11.3656,234307.46,523.0077,2,0,0.046875,-1.263603344,Greed,74,4
7/22/2024,1517.1199,9.8514,154,72.4129,304213.8,1975.4143,2,0,0.142857143,0.498701867,Greed,70,4
7/23/2024,89890.3022,242.9468,370,513.7954,358526.54,968.9906,3,0,0.889189189,25.07214729,Greed,71,4
7/24/2024,625.5615,6.9507,90,19.9568,69207.93,768.977,5,0,0.2,0.903887026,Greed,69,4
7/25/2024,916.7383,11.7531,78,40.8113,528555.31,6776.3501,3,0,0.128205128,0.173442265,Greed,68,4
7/26/2024,2766.5131,18.2007,152,50.8687,548587.65,3609.1293,4,0,0.401315789,0.504297372,Greed,68,4
7/27/2024,6400.6237,112.2916,57,157.8883,905199.75,15880.6974,2,0,0.736842105,0.707095169,Greed,72,4
7/28/2024,587.299,36.7062,16,36.258,43254.68,2703.4175,2,0,0.75,1.357769841,Greed,71,4
7/29/2024,330.8045,8.4822,39,21.7307,327199.14,8389.7215,2,0,0.41025641,0.101101886,Greed,74,4
7/30/2024,0,0,6,0,36006.47,6001.0783,1,0,0,0,Greed,67,4
7/31/2024,765.6909,17.8068,43,45.9865,84506.54,1965.2684,2,0,0.325581395,0.90607295,Greed,61,4
8/1/2024,167.08,2.9312,57,23.1972,227774.53,3996.0444,4,0,0.070175439,0.073353241,Neutral,52,3
8/2/2024,782.3682,12.4185,63,44.1491,396320.37,6290.7995,3,0,0.26984127,0.197408021,Greed,57,4
8/3/2024,464.1897,12.5457,37,76.3123,290532.86,7852.2395,5,0,0.027027027,0.159771841,Fear,37,2
8/4/2024,-122672.0009,-965.9213,127,3618.9615,1207744.07,9509.7958,5,0,0.023622047,-10.15711888,Fear,34,2
8/5/2024,-13013.6652,-162.6708,80,795.0274,420495.4,5256.1925,4,0,0.4125,-3.094841275,Fear,26,2
8/6/2024,267.318,2.4983,107,8.2838,61478.38,574.5643,2,0,0.121495327,0.434816272,Extreme Fear,17,1
8/7/2024,188.7893,5.7209,33,10.3494,2492.77,75.5385,3,0,0.303030303,7.573474488,Fear,29,2
8/8/2024,-40.7122,-4.5236,9,9.6819,16299.35,1811.0389,2,0,0,-0.249778059,Extreme Fear,20,1
8/9/2024,18082.0713,125.5699,144,454.8533,503204.86,3494.4782,5,0,0.298611111,3.59338169,Neutral,48,3
8/10/2024,0,0,88,0,11339.29,128.8556,2,0,0,0,Fear,40,2
8/11/2024,847.7766,35.324,24,91.2518,44230.21,1842.9254,2,0,0.166666667,1.916736547,Fear,39,2
8/12/2024,858.6705,17.889,48,64.6475,54167.32,1128.4858,3,0,0.125,1.585218726,Fear,25,2
8/13/2024,212.081,9.2209,23,19.4223,20797.87,904.2552,3,0,0.347826087,1.019724616,Fear,31,2
8/14/2024,2168.9015,86.7561,25,329.119,66710.03,2668.4012,3,0,0.2,3.251237483,Fear,30,2
8/15/2024,0,0,12,0,1522.37,126.8642,1,0,0,0,Fear,29,2
8/16/2024,825.2305,23.578,35,80.1374,166382.84,4753.7954,2,0,0.085714286,0.495982939,Fear,27,2
8/17/2024,-288.2831,-9.6094,30,52.6331,30248.96,1008.2987,2,0,0,-0.953034749,Fear,25,2
8/18/2024,307.2019,20.4801,15,30.9139,62804.48,4186.9653,2,0,0.8,0.489140106,Fear,31,2
8/19/2024,339.6996,42.4624,8,67.504,100315.03,12539.3788,1,0,0.625,0.338632805,Fear,28,2
8/20/2024,192.6028,16.0502,12,55.5997,49914.8,4159.5667,2,0,0.083333333,0.385863111,Fear,30,2
8/21/2024,656.2009,4.5255,145,16.5145,104990.41,724.0718,2,0,0.372413793,0.625010322,Fear,26,2
8/23/2024,1005.3053,100.5305,10,280.4842,63509.56,6350.956,1,0,0.3,1.582919642,Fear,34,2
8/24/2024,0,0,7,0,34999.67,4999.9529,2,0,0,0,Greed,56,4
8/25/2024,0,0,17,0,21950.28,1291.1929,2,0,0,0,Neutral,54,3
8/26/2024,231.2369,38.5395,6,60.2253,92611.27,15435.2117,2,0,0.333333333,0.249685486,Greed,55,4
8/27/2024,0,0,50,0,70250.16,1405.0032,2,0,0,0,Neutral,48,3
8/28/2024,1333.3596,148.1511,9,294.0059,71160.07,7906.6744,2,0,0.222222222,1.873746892,Fear,30,2
8/29/2024,0,0,1,,9995.85,9995.85,1,0,0,0,Fear,29,2
8/30/2024,256.464,42.744,6,104.701,37233.24,6205.54,4,0,0.166666667,0.688803875,Fear,34,2
8/31/2024,10.8828,0.3201,34,0.8924,107507.43,3161.9832,3,0,0.352941176,0.010122835,Fear,29,2
9/1/2024,137.4331,11.4528,12,25.4796,12359.68,1029.9733,1,0,0.416666667,1.111947073,Fear,26,2
9/2/2024,0,0,2,0,30000.42,15000.21,1,0,0,0,Fear,26,2
9/4/2024,1065.7851,31.3466,34,462.166,131480.97,3867.0874,2,0,0.147058824,0.810600272,Fear,27,2
9/5/2024,0,0,1,,0.84,0.84,1,0,0,0,Fear,29,2
9/6/2024,-1104.8568,-26.3061,42,21.9109,39047.1,929.6929,2,0,0,-2.829548929,Extreme Fear,22,1
9/8/2024,0,0,1,,0.11,0.11,1,0,0,0,Fear,29,2
9/9/2024,0,0,2,0,4014.43,2007.215,1,0,0,0,Fear,26,2
9/10/2024,-219.7297,-73.2432,3,96.0807,2547.28,849.0933,2,0,0,-8.626052103,Fear,33,2
9/11/2024,0,0,1,,0.54,0.54,1,0,0,0,Fear,37,2
9/14/2024,0,0,11,0,1014.8,92.2545,2,0,0,0,Neutral,50,3
9/18/2024,-878.6848,-6.0599,145,4.9661,13633.5,94.0241,1,0,0,-6.445041992,Neutral,45,3
9/19/2024,0,0,19,0,1521.87,80.0984,1,0,0,0,Neutral,49,3
9/20/2024,9585.0343,599.0646,16,2004.9516,332873.38,20804.5862,2,0,0.5,2.879483574,Neutral,54,3
9/21/2024,36165.5693,1572.4161,23,1429.8115,165648.12,7202.0922,1,0,1,21.83276774,Neutral,54,3
9/22/2024,0,0,3,0,19999.74,6666.58,1,0,0,0,Neutral,52,3
9/23/2024,334.7608,167.3804,2,236.7116,40334.29,20167.145,1,0,0.5,0.829965769,Neutral,50,3
9/24/2024,0,0,10,0,7118.63,711.863,2,0,0,0,Neutral,54,3
9/25/2024,0,0,9,0,52754.13,5861.57,2,0,0,0,Greed,59,4
9/26/2024,439.8125,54.9766,8,154.2027,113711.93,14213.9912,2,0,0.25,0.386777799,Neutral,50,3
9/27/2024,0,0,56,0,126097.04,2251.7329,2,0,0,0,Greed,61,4
9/28/2024,0,0,4,0,29199.21,7299.8025,1,0,0,0,Greed,64,4
9/30/2024,2710.6263,25.5719,106,133.6657,214669.85,2025.1873,2,0,0.047169811,1.26269539,Greed,61,4
10/1/2024,0,0,4,0,139954.32,34988.58,1,0,0,0,Neutral,50,3
10/2/2024,0,0,4,0,99954.34,24988.585,1,0,0,0,Fear,42,2
10/3/2024,100.3758,11.1529,9,20.2736,132935.69,14770.6322,2,0,0.333333333,0.075507037,Fear,37,2
10/4/2024,0,0,1,,0.34,0.34,1,0,0,0,Fear,41,2
10/5/2024,5767.1619,155.8692,37,217.088,605605.74,16367.7227,2,0,0.648648649,0.95229644,Neutral,49,3
10/6/2024,130.4871,5.9312,22,17.7411,300130.56,13642.2982,1,0,0.227272727,0.043476779,Neutral,50,3
10/7/2024,0,0,21,0,219984.65,10475.4595,1,0,0,0,Neutral,50,3
10/8/2024,5396.5466,149.9041,36,223.4075,434584.13,12071.7814,2,0,0.916666667,1.241772588,Neutral,49,3
10/9/2024,396.0627,28.2902,14,61.543,220399.93,15742.8521,1,0,0.214285714,0.179701827,Neutral,49,3
10/10/2024,0,0,16,0,300024.34,18751.5212,1,0,0,0,Fear,39,2
10/11/2024,8885.3275,341.7434,26,367.9831,488904.19,18804.0073,2,0,0.692307692,1.817396472,Fear,32,2
10/12/2024,541.5547,54.1555,10,63.3742,159713.4,15971.34,1,0,0.7,0.339079063,Neutral,49,3
10/13/2024,0,0,10,0,60002.42,6000.242,1,0,0,0,Neutral,50,3
10/14/2024,1913.6196,382.7239,5,497.2721,61916.02,12383.204,1,0,1,3.090669588,Neutral,48,3
10/15/2024,1170.2261,167.1752,7,347.7876,81173.36,11596.1943,1,0,0.571428571,1.441638119,Greed,65,4
10/16/2024,219.4809,19.9528,11,35.5816,80229.17,7293.5609,1,0,0.272727273,0.273567457,Greed,73,4
10/17/2024,36.115,4.0128,9,12.8304,140531.75,15614.6389,2,0,0.111111111,0.025698819,Greed,71,4
10/18/2024,333.2191,55.5365,6,51.4896,120331.43,20055.2383,1,0,0.833333333,0.27691776,Greed,73,4
10/19/2024,0,0,4,0,99996.86,24999.215,1,0,0,0,Greed,72,4
10/20/2024,389.1558,4.0537,96,13.652,176447.86,1837.9985,2,0,0.114583333,0.220550025,Greed,73,4
10/21/2024,2464.9156,14.2481,173,40.0799,324117.99,1873.5144,2,0,0.393063584,0.760499471,Greed,72,4
10/22/2024,0,0,3,0,60000.36,20000.12,1,0,0,0,Greed,70,4
10/23/2024,-46.4899,-2.5828,18,6.3771,210006.07,11667.0039,1,0,0,-0.022137408,Greed,71,4
10/25/2024,13235.8621,441.1954,30,1366.4039,427883.18,14262.7727,2,0,0.7,3.093335452,Greed,72,4
10/27/2024,666.6623,166.6656,4,293.9572,90664.41,22666.1025,1,0,0.75,0.735307603,Greed,74,4
10/28/2024,167.2802,12.8677,13,44.4545,121495.25,9345.7885,2,0,0.307692308,0.13768456,Greed,72,4
10/29/2024,801.1709,15.1164,53,99.6847,613267.81,11571.0908,2,0,0.056603774,0.130639647,Greed,72,4
10/30/2024,9.15,0.366,25,1.0257,11830.85,473.234,1,0,0.28,0.077340174,Extreme Greed,77,5
10/31/2024,1214.0438,25.2926,48,33.0041,896173.36,18670.2783,3,0,0.708333333,0.135469749,Extreme Greed,77,5
11/1/2024,1040.4757,45.2381,23,154.1984,260981.03,11347.0013,2,0,0.260869565,0.39867867,Extreme Greed,75,5
11/2/2024,0,0,2,0,40000,20000,1,0,0,0,Greed,72,4
11/3/2024,0,0,6,0,129055.66,21509.2767,2,0,0,0,Greed,74,4
11/4/2024,2799.4105,77.7614,36,118.9429,451811.97,12550.3325,2,0,0.638888889,0.619596356,Greed,70,4
11/5/2024,678.4759,67.8476,10,93.3211,200627.23,20062.723,1,0,0.5,0.338177375,Greed,70,4
11/6/2024,2817.8372,187.8558,15,309.1497,123906.9,8260.46,2,0,0.466666667,2.274156806,Greed,70,4
11/7/2024,4493.3531,39.7642,113,107.4042,111335.3,985.2681,3,0,0.530973451,4.035874606,Extreme Greed,77,5
11/8/2024,-64.4135,-1.6516,39,72.4018,270700.44,6941.0369,2,0,0.153846154,-0.023795122,Extreme Greed,75,5
11/9/2024,102.9089,1.1966,86,2.9099,193384.41,2248.6559,2,0,0.220930233,0.053214683,Extreme Greed,75,5
11/10/2024,991.1143,5.729,173,22.4714,413636.7,2390.9636,3,0,0.294797688,0.239609856,Extreme Greed,78,5
11/11/2024,6749.631,18.0955,373,60.9024,1570572.42,4210.6499,4,0,0.246648794,0.429756114,Extreme Greed,76,5
11/12/2024,3494.3994,20.4351,171,80.9041,1226354.52,7171.6639,4,0,0.198830409,0.284942025,Extreme Greed,80,5
11/13/2024,7846.4023,163.4667,48,358.5079,515336.37,10736.1744,5,0,0.5625,1.522578796,Extreme Greed,84,5
11/14/2024,4563.5092,41.4864,110,89.209,1008361.81,9166.9255,2,0,0.254545455,0.452566644,Extreme Greed,88,5
11/15/2024,4140.7404,27.7902,149,61.9558,1427858.42,9582.9424,4,0,0.369127517,0.289996567,Extreme Greed,80,5
11/16/2024,2769.5219,17.6403,157,44.3033,303296.07,1931.8221,4,0,0.305732484,0.913141374,Extreme Greed,86,5
11/17/2024,882.9753,4.2248,209,17.2615,1215987.57,5818.1223,4,0,0.234449761,0.072613843,Extreme Greed,90,5
11/18/2024,4470.8152,12.9214,346,87.8216,2084339.58,6024.1028,7,0,0.358381503,0.214495529,Extreme Greed,83,5
11/19/2024,2958.269,9.6992,305,37.7319,628031.15,2059.1185,5,0,0.491803279,0.471038578,Extreme Greed,90,5
11/20/2024,4210.0929,7.6547,550,54.5445,1999514.12,3635.4802,5,0,0.398181818,0.210555797,Extreme Greed,83,5
11/21/2024,1692.4309,3.1634,535,23.0717,598300.62,1118.3189,5,0,0.308411215,0.282872998,Extreme Greed,82,5
11/22/2024,-18105.3456,-26.6647,679,305.8865,1646713.62,2425.2042,6,0,0.307805596,-1.099483564,Extreme Greed,94,5
11/23/2024,2901.5316,7.9932,363,25.9243,516245.68,1422.1644,4,0,0.35261708,0.562044723,Extreme Greed,93,5
11/24/2024,945.5504,5.4974,172,24.2318,664952.28,3866.0016,3,0,0.26744186,0.142198234,Extreme Greed,80,5
11/25/2024,5523.7407,21.6617,255,136.5363,937410.87,3676.1211,2,0,0.411764706,0.58925503,Extreme Greed,82,5
11/26/2024,1094.8094,3.6252,302,55.5355,1146902.44,3797.6902,4,0,0.291390728,0.095457936,Extreme Greed,79,5
11/27/2024,-2654.4956,-12.4624,213,56.1966,1444242.53,6780.4814,2,0,0.34741784,-0.183798465,Extreme Greed,75,5
11/28/2024,-127075.3996,-382.7572,332,1422.4246,1894225.15,5705.4974,5,0,0.328313253,-6.708568915,Extreme Greed,77,5
11/29/2024,176844.9942,449.9873,393,2425.1394,794262.91,2021.0252,11,0,0.488549618,22.26529679,Extreme Greed,78,5
11/30/2024,37316.6935,100.0448,373,327.5103,1732193.7,4643.9509,8,0,0.420911528,2.154302576,Extreme Greed,84,5
12/1/2024,40886.3645,98.2845,416,338.0394,814711.82,1958.4419,9,0,0.53125,5.01850636,Extreme Greed,81,5
12/2/2024,18489.6043,68.48,270,379.9036,585243.56,2167.5687,8,0,0.407407407,3.15930077,Extreme Greed,80,5
12/3/2024,23576.5393,63.0389,374,229.0077,1084666.53,2900.1779,8,0,0.430481283,2.173620984,Extreme Greed,76,5
12/4/2024,292891.815,918.1562,319,4090.2839,769287.65,2411.56,7,0,0.463949843,38.07312063,Extreme Greed,78,5
12/5/2024,71574.1185,156.9608,456,1402.2841,1256750.79,2756.0324,8,0,0.423245614,5.695171952,Extreme Greed,84,5
12/6/2024,-92624.6439,-229.8378,403,6326.3532,3471019.22,8612.9509,10,0,0.23325062,-2.66851429,Greed,72,4
12/7/2024,85906.2791,282.5864,304,2478.9158,451733.42,1485.9652,6,0,0.430921053,19.0170298,Extreme Greed,75,5
12/8/2024,15965.9334,38.0141,420,232.6134,932939.72,2221.285,6,0,0.361904762,1.71135745,Extreme Greed,79,5
12/9/2024,6310.9677,11.7087,539,100.8985,983949.68,1825.5096,10,0,0.319109462,0.641391306,Extreme Greed,78,5
12/10/2024,39325.7702,24.6402,1596,141.4899,3150424.08,1973.9499,11,0,0.587092732,1.248269097,Extreme Greed,78,5
12/11/2024,319051.5542,261.3035,1221,2003.1397,2194098.33,1796.9683,12,0,0.712530713,14.54135167,Greed,74,4
12/12/2024,599151.795,310.12,1932,1920.8079,4557189.87,2358.7939,14,0,0.699792961,13.14739592,Extreme Greed,83,5
12/13/2024,31935.9017,27.2258,1173,194.0794,2880824.64,2455.946,11,0,0.401534527,1.108568056,Extreme Greed,76,5
12/14/2024,167801.3992,135.8716,1235,647.5596,2369561.78,1918.6735,12,0,0.473684211,7.081537211,Extreme Greed,83,5
12/15/2024,97525.3153,57.4692,1697,400.023,2583269.81,1522.2568,15,0,0.245727755,3.775266328,Extreme Greed,80,5
12/16/2024,166774.3441,158.0799,1055,863.2966,2740808.97,2597.9232,13,0,0.507109005,6.084858373,Extreme Greed,83,5
12/17/2024,219591.3052,113.1331,1941,546.8152,5233597.63,2696.3409,16,0,0.436373004,4.195800303,Extreme Greed,87,5
12/18/2024,13682.9947,9.5752,1429,90.0826,3798887.07,2658.4234,13,0,0.365990203,0.360184297,Extreme Greed,81,5
12/19/2024,62744.0045,18.7913,3339,219.8236,8241709.39,2468.3167,13,0,0.614854747,0.761298434,Extreme Greed,75,5
12/20/2024,254969.66,102.4798,2488,462.262,7681274.71,3087.3291,15,0,0.555868167,3.319366507,Greed,74,4
12/21/2024,150022.1632,89.2458,1681,263.0366,4382875.12,2607.3023,8,0,0.549672814,3.422916672,Greed,73,4
12/22/2024,352197.164,455.0351,774,1859.8435,3087320.22,3988.7858,8,0,0.435400517,11.40785986,Greed,73,4
12/23/2024,-29430.6266,-12.5397,2347,714.3762,6771878.26,2885.3337,14,0,0.290157648,-0.434600645,Greed,70,4
12/24/2024,14813.7801,43.8278,338,352.0042,1767036.11,5227.9175,11,0,0.337278107,0.838340542,Greed,73,4
12/25/2024,756.657,3.6378,208,89.437,347889.35,1672.545,6,0,0.302884615,0.217499328,Greed,73,4
12/26/2024,60228.6397,86.4112,697,837.1573,2205242.65,3163.9062,7,0,0.513629842,2.731157032,Extreme Greed,79,5
12/27/2024,2672.811,10.28,260,55.8138,347913,1338.1269,7,0,0.423076923,0.768241198,Greed,74,4
12/28/2024,940.6736,5.8427,161,29.8573,281555.01,1748.7889,7,0,0.229813665,0.3340994,Greed,72,4
12/29/2024,2884.0679,14.3486,201,84.8433,344628.54,1714.5699,7,0,0.31840796,0.836862757,Greed,73,4
12/30/2024,9009.7381,29.6373,304,198.7296,1073865.73,3532.4531,9,0,0.394736842,0.839000431,Greed,65,4
12/31/2024,5445.0128,17.7942,306,108.9969,877164.62,2866.551,6,0,0.300653595,0.62075153,Greed,64,4
1/1/2025,-9528.0653,-99.2507,96,989.3224,282582.1,2943.5635,6,0,0.302083333,-3.371786571,Greed,66,4
1/2/2025,8716.5191,24.1455,361,117.6538,774674.84,2145.9137,9,0,0.457063712,1.125184226,Greed,70,4
1/3/2025,6028.4868,11.8671,508,63.3635,771208.99,1518.1279,9,0,0.271653543,0.781693014,Greed,74,4
1/4/2025,2553.538,6.8829,371,75.4467,1826029.62,4921.9127,9,0,0.202156334,0.139840996,Greed,73,4
1/5/2025,3187.7194,13.3377,239,59.8819,451943.57,1890.9773,8,0,0.418410042,0.705335713,Greed,72,4
1/6/2025,6064.1854,10.5832,573,104.1908,556526.99,971.2513,7,0,0.155322862,1.089648033,Extreme Greed,76,5
1/7/2025,16098.2275,25.2719,637,79.2582,1313178.1,2061.5041,6,0,0.761381476,1.225898262,Extreme Greed,78,5
1/8/2025,130117.0906,125.233,1039,2408.3682,3177275.18,3058.0127,11,0,0.371511068,4.095241464,Greed,70,4
1/9/2025,46975.9289,89.9922,522,658.1149,1020733.25,1955.4277,7,0,0.277777778,4.602174848,Greed,69,4
1/10/2025,-10116.8756,-12.3527,819,816.5241,6547449.68,7994.4441,7,0,0.527472527,-0.154516279,Neutral,50,3
1/11/2025,2269.0805,8.018,283,43.4309,1658098.71,5859.006,7,0,0.243816254,0.136848336,Greed,69,4
1/12/2025,5742.2418,9.5386,602,150.4637,2258459.17,3751.5933,7,0,0.784053156,0.254254842,Greed,62,4
1/13/2025,9655.4294,23.6653,408,77.4002,2936648.01,7197.6667,11,0,0.387254902,0.328790831,Greed,61,4
1/14/2025,16069.5124,58.4346,275,146.3204,876581.97,3187.5708,9,0,0.498181818,1.833201338,Greed,63,4
1/15/2025,14819.5883,55.5041,267,189.6085,1801599.89,6747.5651,11,0,0.460674157,0.82257933,Greed,70,4
1/16/2025,20807.7093,56.0855,371,566.342,3049692.96,8220.1967,9,0,0.342318059,0.682288662,Extreme Greed,75,5
1/17/2025,7006.4156,29.4387,238,198.2515,1110230.46,4664.8339,8,0,0.529411765,0.631077587,Extreme Greed,75,5
1/18/2025,443.2331,0.6808,651,330.2414,2711629.88,4165.3301,12,0,0.380952381,0.016345634,Extreme Greed,77,5
1/19/2025,87923.7993,56.1096,1567,604.7139,9715215.3,6199.8821,15,0,0.202297384,0.905011331,Extreme Greed,77,5
1/20/2025,87277.2392,66.3705,1315,569.1157,8287327.01,6302.1498,15,0,0.52243346,1.053141008,Extreme Greed,76,5
1/21/2025,11077.8394,20.9016,530,111.251,1523729.82,2874.9619,8,0,0.386792453,0.727021238,Extreme Greed,76,5
1/22/2025,20524.4081,24.6688,832,156.5101,1778406.43,2137.5077,10,0,0.28125,1.15408985,Extreme Greed,84,5
1/23/2025,101256.2422,83.1332,1218,341.1383,3697028.66,3035.3273,12,0,0.66091954,2.738854673,Extreme Greed,75,5
1/24/2025,10602.7797,12.1313,874,80.8998,1611433.45,1843.7454,11,0,0.558352403,0.657971926,Extreme Greed,75,5
1/25/2025,-10348.0163,-20.4506,506,490.2783,1239377.7,2449.363,11,0,0.278656126,-0.83493646,Extreme Greed,75,5
1/26/2025,40823.4667,90.5177,451,461.7193,1201173.66,2663.3562,7,0,0.4345898,3.398631527,Greed,73,4
1/27/2025,41331.7654,53.4693,773,353.4715,1508028.31,1950.8775,15,0,0.47606727,2.740781796,Greed,71,4
1/28/2025,17979.614,36.1036,498,81.7268,579412.17,1163.4783,8,0,0.628514056,3.103078418,Greed,72,4
1/29/2025,23421.0115,25.7374,910,91.5203,1897513.41,2085.1796,9,0,0.416483516,1.234300183,Greed,72,4
1/30/2025,23097.4714,21.6471,1067,113.2028,3014397.17,2825.1145,11,0,0.346766635,0.766238491,Greed,70,4
1/31/2025,35868.2968,35.3034,1016,134.4429,2783411.48,2739.5782,11,0,0.541338583,1.288645141,Extreme Greed,76,5
2/1/2025,32300.205,50.9467,634,446.415,1363746.44,2151.0196,12,0,0.596214511,2.368490509,Greed,68,4
2/2/2025,162854.7596,123.4684,1319,1386.0637,5661092.29,4291.9578,13,0,0.358605004,2.876737408,Greed,60,4
2/3/2025,348871.3263,146.5846,2380,1292.2669,22592901.37,9492.8157,12,0,0.463445378,1.544163455,Fear,44,2
2/4/2025,416876.8881,165.9542,2512,2184.1682,15678409.27,6241.405,13,0,0.276671975,2.65892337,Greed,72,4
2/5/2025,56706.2356,43.7211,1297,444.3173,8743231.51,6741.1191,11,0,0.32151118,0.648572962,Neutral,54,3
2/6/2025,33803.7997,19.8496,1703,609.1349,2818508.87,1655.0258,11,0,0.460951262,1.199350481,Neutral,49,3
2/7/2025,22450.0021,14.731,1524,94.6861,3460263.54,2270.5141,13,0,0.282152231,0.648794574,Fear,44,2
2/8/2025,586.7033,1.0204,575,11.4641,839734.97,1460.4086,10,0,0.191304348,0.069867675,Fear,44,2
2/9/2025,150551.8295,197.0574,764,2082.4615,2920919.7,3823.1933,12,0,0.430628272,5.154261156,Neutral,46,3
2/10/2025,63908.4946,71.8881,889,921.8916,3624958.44,4077.5685,14,0,0.478065242,1.763013167,Fear,43,2
2/11/2025,-6093.7848,-7.1861,848,127.3422,2797544.17,3298.9908,12,0,0.218160377,-0.217826223,Neutral,47,3
2/12/2025,19848.635,19.2518,1031,351.5028,4143974.54,4019.3739,12,0,0.462657614,0.478975795,Neutral,46,3
2/13/2025,27829.5342,20.3135,1370,115.2749,3199852.21,2335.6585,11,0,0.467883212,0.869713111,Neutral,50,3
2/14/2025,213860.6753,129.221,1655,532.3132,4007103.42,2421.2105,15,0,0.429003021,5.337039075,Neutral,48,3
2/15/2025,45042.927,48.3293,932,338.4636,1712852.95,1837.8251,12,0,0.430257511,2.629701925,Neutral,50,3
2/16/2025,2369.4784,3.4794,681,12.1981,806177.64,1183.8144,10,0,0.440528634,0.293915172,Neutral,54,3
2/17/2025,1818.5733,1.9326,941,33.831,2031044.64,2158.3896,9,0,0.224229543,0.089538815,Neutral,51,3
2/18/2025,91204.6724,54.4181,1676,402.723,3371128.68,2011.4133,11,0,0.511933174,2.705463987,Neutral,47,3
2/19/2025,14985.7947,11.0109,1361,61.2325,3263930.24,2398.1853,10,0,0.427626745,0.459133425,Fear,44,2
2/20/2025,46008.7941,22.8672,2012,157.9638,4628609.29,2300.5016,11,0,0.479125249,0.994009026,Neutral,49,3
2/21/2025,119693.494,63.9047,1873,366.0929,3972159.88,2120.7474,14,0,0.522156967,3.013310079,Greed,55,4
2/22/2025,25278.7042,36.8494,686,176.9982,3175570.2,4629.1111,10,0,0.497084548,0.796036699,Neutral,49,3
2/23/2025,10656.9343,20.4941,520,123.3243,1141310.74,2194.8283,12,0,0.45,0.933745204,Neutral,50,3
2/24/2025,38470.1762,6.8501,5616,55.5689,11223619.59,1998.5078,14,0,0.396723647,0.34276087,Neutral,49,3
2/25/2025,204762.177,32.7829,6246,673.744,19414984.36,3108.3869,18,0,0.260646814,1.05466053,Fear,25,2
2/26/2025,63229.0631,53.7662,1176,406.2432,4946958.13,4206.597,13,0,0.670918367,1.278140252,Extreme Fear,21,1
2/27/2025,-36525.1675,-41.0395,890,517.9054,1999898.43,2247.0769,9,0,0.27752809,-1.826351126,Extreme Fear,10,1
2/28/2025,225628.1087,221.4211,1019,3851.3712,4123660.77,4046.7721,13,0,0.38861629,5.471548735,Extreme Fear,16,1
3/1/2025,10596.109,60.8972,174,134.4584,263824.13,1516.2306,5,0,0.448275862,4.016353243,Extreme Fear,20,1
3/2/2025,66914.3207,125.7788,532,523.6454,6460848.74,12144.4525,10,0,0.501879699,1.035689325,Fear,26,2
3/3/2025,616413.0322,415.9332,1482,1682.4076,8244590.38,5563.1514,14,0,0.615384615,7.476575594,Fear,33,2
3/4/2025,182075.5666,75.8017,2402,940.9538,11124247.15,4631.2436,16,0,0.253538718,1.636745068,Extreme Fear,15,1
3/5/2025,269328.3659,162.246,1660,1724.8671,9193654.22,5538.3459,13,0,0.758433735,2.929502888,Extreme Fear,20,1
3/6/2025,16101.1256,21.1857,760,163.111,6765324.96,8901.7434,12,0,0.480263158,0.237994859,Fear,25,2
3/7/2025,150236.0616,58.8699,2552,278.3623,19854275.48,7779.8885,14,0,0.522335423,0.75669375,Fear,34,2
3/8/2025,24700.7734,46.6933,529,218.2198,892083.51,1686.3582,13,0,0.56899811,2.768885774,Fear,28,2
3/9/2025,19773.4574,13.9054,1422,83.1423,10419697.99,7327.4951,12,0,0.44092827,0.189769967,Fear,27,2
3/10/2025,-10010.0273,-3.4387,2911,598.231,16811790.68,5775.263,14,0,0.397457918,-0.059541708,Extreme Fear,20,1
3/11/2025,-76880.729,-23.3964,3286,284.1574,14016952.09,4265.658,16,0,0.18746196,-0.548483925,Extreme Fear,24,1
3/12/2025,288105.9842,72.6074,3968,541.1022,18618139.15,4692.0714,13,0,0.564516129,1.547447797,Fear,34,2
3/13/2025,14114.8709,14.6724,962,114.253,3285591.22,3415.3755,13,0,0.457380457,0.429599118,Neutral,45,3
3/14/2025,68646.1601,31.0616,2210,241.2662,8047187.16,3641.2612,10,0,0.853846154,0.853045403,Fear,27,2
3/15/2025,78694.6246,301.512,261,1437.1564,2355749.54,9025.8603,8,0,0.593869732,3.340534436,Neutral,46,3
3/16/2025,-7910.9435,-14.9263,530,799.61,10187921.51,19222.4934,8,0,0.232075472,-0.07765022,Fear,30,2
3/17/2025,26163.9065,28.439,920,130.3624,3592895.05,3905.3207,11,0,0.45326087,0.728212378,Fear,32,2
3/18/2025,72322.7888,86.718,834,1190.358,4050655.47,4856.901,13,0,0.225419664,1.785458905,Fear,34,2
3/19/2025,29374.6823,18.2225,1612,118.436,4598813.57,2852.862,12,0,0.416253102,0.638744795,Fear,32,2
3/20/2025,10246.8594,13.2903,771,67.2047,1652257.93,2143.0064,13,0,0.408560311,0.620173111,Neutral,49,3
3/21/2025,6951.2704,9.9588,698,54.7133,2543903.39,3644.5607,9,0,0.5,0.273252138,Fear,31,2
3/22/2025,12498.5353,23.3617,535,90.3329,971809.42,1816.4662,8,0,0.474766355,1.286109709,Fear,32,2
3/23/2025,14047.4216,31.426,447,157.7488,2593519.67,5802.0574,10,0,0.326621924,0.541635437,Fear,30,2
3/24/2025,107878.9613,105.0428,1027,1157.0248,3017587.05,2938.2542,13,0,0.615384615,3.575007432,Neutral,45,3
3/25/2025,32030.9068,40.4942,791,272.7153,5372519.77,6792.0604,13,0,0.361567636,0.596198956,Neutral,46,3
3/26/2025,15802.1674,5.0942,3102,91.0949,7597754.37,2449.3083,17,0,0.271115409,0.20798471,Neutral,47,3
3/27/2025,58825.3592,74.9368,785,315.074,3240279.46,4127.7445,11,0,0.333757962,1.815440919,Fear,40,2
3/28/2025,21337.1793,29.3093,728,149.5585,1483092.61,2037.2151,11,0,0.317307692,1.438695005,Fear,44,2
3/29/2025,12098.8729,6.388,1894,148.3523,3668151.83,1936.7222,10,0,0.355860612,0.329835663,Fear,26,2
3/30/2025,15795.1151,27.8083,568,221.1953,2850874.96,5019.1461,9,0,0.165492958,0.554044471,Fear,32,2
3/31/2025,6978.1846,14.0973,495,323.1312,2164772.47,4373.2777,12,0,0.523232323,0.322351873,Fear,34,2
4/1/2025,-2202.6622,-11.4722,192,297.0927,704445.19,3668.9854,9,0,0.458333333,-0.312680423,Fear,34,2
4/2/2025,202212.7409,187.9301,1076,783.0878,3867930.6,3594.731,11,0,0.894981413,5.227930948,Fear,44,2
4/3/2025,-2365.9613,-1.3535,1748,81.2336,8670233.15,4960.0876,17,0,0.297482838,-0.027288324,Fear,25,2
4/4/2025,-25515.6789,-20.0595,1272,581.2639,3835545.73,3015.3661,14,0,0.387578616,-0.665242463,Fear,28,2
4/5/2025,35907.3377,99.7426,360,333.0592,1267564.22,3521.0117,10,0,0.580555556,2.832782524,Fear,30,2
4/6/2025,47053.4493,44.8983,1048,464.3283,3551252.06,3388.5993,14,0,0.316793893,1.324981964,Fear,34,2
4/7/2025,34527.3703,12.2699,2814,651.4553,14460253.14,5138.6827,18,0,0.239161336,0.238774314,Extreme Fear,23,1
4/8/2025,34899.3948,37.0089,943,299.8232,8869391.4,9405.5052,17,0,0.409331919,0.39348128,Extreme Fear,24,1
4/9/2025,43120.4448,10.8698,3967,768.8033,28556806.47,7198.59,20,0,0.430552054,0.150998834,Extreme Fear,18,1
4/10/2025,158261.8223,74.4061,2127,528.5261,28741953.29,13512.907,19,0,0.528913963,0.550630017,Fear,39,2
4/11/2025,126406.4791,115.3344,1096,1053.7034,11319327.07,10327.8532,16,0,0.335766423,1.116731395,Fear,25,2
4/12/2025,410419.6945,194.6039,2109,3804.4483,55914617.49,26512.3838,20,0,0.272166904,0.73401145,Fear,43,2
4/13/2025,48696.0215,36.863,1321,312.0512,14171154.79,10727.5964,17,0,0.361847086,0.343627758,Neutral,45,3
4/14/2025,45680.4431,51.3263,890,371.3131,13079972.98,14696.5989,14,0,0.42247191,0.349239583,Fear,31,2
4/15/2025,72357.7063,63.9768,1131,509.9927,20752168.24,18348.513,14,0,0.572060124,0.348675403,Fear,38,2
4/16/2025,58631.7303,36.4625,1608,398.161,36502715.9,22700.694,17,0,0.340174129,0.160622926,Fear,29,2
4/17/2025,5427.9199,5.2647,1031,35.5335,2604551.51,2526.2381,12,0,0.303588749,0.208401327,Fear,30,2
4/18/2025,4880.4047,2.5768,1894,859.4372,24610650.46,12994.0076,12,0,0.512671595,0.019830458,Fear,33,2
4/19/2025,71950.5775,25.8258,2786,250.8012,32706462.71,11739.5774,15,0,0.292175162,0.219988869,Fear,32,2
4/20/2025,25060.3419,12.644,1982,302.1541,12126094.05,6118.11,12,0,0.398587286,0.206664585,Fear,37,2
4/21/2025,34369.2679,20.0054,1718,542.901,42104054.84,24507.5989,14,0,0.394062864,0.081629354,Fear,39,2
4/22/2025,58652.7636,19.564,2998,373.4606,33753625.24,11258.7142,15,0,0.296197465,0.173767301,Neutral,47,3
4/23/2025,-419020.2257,-68.0338,6159,1461.7777,30682443.79,4981.7249,19,0,0.32472804,-1.365667704,Greed,72,4
4/24/2025,50704.396,22.717,2232,155.536,35088918.64,15720.8417,15,0,0.413530466,0.144502589,Greed,63,4
4/25/2025,20218.8592,12.2316,1653,77.9399,27749455.78,16787.3296,16,0,0.385964912,0.072862183,Greed,60,4
4/26/2025,-4125.7539,-3.6479,1131,52.0445,11948127.77,10564.2155,12,0,0.172413793,-0.034530547,Greed,65,4
4/27/2025,2702.0675,8.018,337,45.3248,487537.69,1446.6994,9,0,0.356083086,0.554227408,Greed,61,4
4/28/2025,36906.8138,26.7635,1379,381.9831,26124921.49,18944.8307,8,0,0.416968818,0.141270525,Neutral,54,3
4/29/2025,125749.6134,56.0631,2243,420.736,34089511.66,15198.1773,7,0,0.4320107,0.368880654,Greed,60,4
4/30/2025,14003.7973,12.582,1113,64.6542,12693878.85,11405.1023,8,0,0.265049416,0.110319292,Greed,56,4
5/1/2025,54536.8293,44.3389,1230,972.8226,10720240.52,8715.6427,11,0,0.430894309,0.508727665,Neutral,53,3
